{"assets/1.jpeg":["assets/1.jpeg"],"assets/10.jpeg":["assets/10.jpeg"],"assets/11.jpeg":["assets/11.jpeg"],"assets/12.jpeg":["assets/12.jpeg"],"assets/13.jpeg":["assets/13.jpeg"],"assets/2.jpeg":["assets/2.jpeg"],"assets/3.jpeg":["assets/3.jpeg"],"assets/360.jpg":["assets/360.jpg"],"assets/4.jpeg":["assets/4.jpeg"],"assets/4cgif.gif":["assets/4cgif.gif"],"assets/5.jpeg":["assets/5.jpeg"],"assets/6.jpeg":["assets/6.jpeg"],"assets/7.jpeg":["assets/7.jpeg"],"assets/8.jpeg":["assets/8.jpeg"],"assets/9.jpeg":["assets/9.jpeg"],"assets/Showroom.mp4":["assets/Showroom.mp4"],"assets/cleaning.mp4":["assets/cleaning.mp4"],"assets/contact1.jpg":["assets/contact1.jpg"],"assets/first/burgundy.jpg":["assets/first/burgundy.jpg"],"assets/first/ginger.jpg":["assets/first/ginger.jpg"],"assets/first/microplus.jpg":["assets/first/microplus.jpg"],"assets/first/printed.jpg":["assets/first/printed.jpg"],"assets/first/zugo.jpg":["assets/first/zugo.jpg"],"assets/logo.png":["assets/logo.png"],"packages/cupertino_icons/assets/CupertinoIcons.ttf":["packages/cupertino_icons/assets/CupertinoIcons.ttf"],"packages/font_awesome_flutter/lib/fonts/fa-brands-400.ttf":["packages/font_awesome_flutter/lib/fonts/fa-brands-400.ttf"],"packages/font_awesome_flutter/lib/fonts/fa-regular-400.ttf":["packages/font_awesome_flutter/lib/fonts/fa-regular-400.ttf"],"packages/font_awesome_flutter/lib/fonts/fa-solid-900.ttf":["packages/font_awesome_flutter/lib/fonts/fa-solid-900.ttf"]}